program_name,round,best_program_size,best_executed_instructions,best_program_size_config,best_executed_instr_count_config
quadratic.bril,1,65,782,"{('main', 'quadratic'): True}","{('main', 'quadratic'): True, ('quadratic', 'sqrt'): True}"
quadratic.bril,2,65,782,"{('main', 'quadratic'): True, ('quadratic', 'sqrt'): True}","{('main', 'quadratic'): True, ('quadratic', 'sqrt'): True}"
quadratic.bril,3,65,782,"{('main', 'quadratic'): True, ('quadratic', 'sqrt'): True}","{('main', 'quadratic'): True, ('quadratic', 'sqrt'): True}"
primes-between.bril,1,45,529398,"{('main', 'mod'): True}","{('main', 'mod'): True}"
primes-between.bril,2,45,529398,"{('main', 'mod'): True}","{('main', 'mod'): True}"
primes-between.bril,3,45,529398,"{('main', 'mod'): True}","{('main', 'mod'): True}"
birthday.bril,1,38,480,"{('main', 'probability'): True}","{('main', 'probability'): True}"
birthday.bril,2,38,480,"{('main', 'probability'): True}","{('main', 'probability'): True}"
birthday.bril,3,38,480,"{('main', 'probability'): True}","{('main', 'probability'): True}"
orders.bril,1,59,4926,"{('gcd', 'mod'): True, ('main', 'orders'): True}","{('lcm', 'gcd'): True, ('lcm', 'abs'): True, ('gcd', 'mod'): True, ('orders', 'lcm'): True, ('main', 'orders'): True, ('main', 'abs'): True}"
orders.bril,2,59,4926,"{('gcd', 'mod'): True, ('main', 'orders'): True}","{('lcm', 'gcd'): True, ('lcm', 'abs'): True, ('gcd', 'mod'): True, ('orders', 'lcm'): True, ('main', 'orders'): True, ('main', 'abs'): True}"
orders.bril,3,59,4926,"{('gcd', 'mod'): True, ('main', 'orders'): True}","{('lcm', 'gcd'): True, ('lcm', 'abs'): True, ('gcd', 'mod'): True, ('orders', 'lcm'): True, ('main', 'orders'): True, ('main', 'abs'): True}"
sum-check.bril,1,22,5016,"{('main', 'sum_by_loop'): True, ('main', 'sum_by_formula'): True}","{('main', 'sum_by_loop'): True, ('main', 'sum_by_formula'): True}"
sum-check.bril,2,22,5016,"{('main', 'sum_by_loop'): True, ('main', 'sum_by_formula'): True}","{('main', 'sum_by_loop'): True, ('main', 'sum_by_formula'): True}"
sum-check.bril,3,22,5016,"{('main', 'sum_by_loop'): True, ('main', 'sum_by_formula'): True}","{('main', 'sum_by_loop'): True, ('main', 'sum_by_formula'): True}"
palindrome.bril,1,69,294,"{}","{('main', 'palindrome'): True, ('main', 'pow'): True, ('palindrome', 'pow'): True}"
palindrome.bril,2,69,294,"{}","{('main', 'palindrome'): True, ('main', 'pow'): True, ('palindrome', 'pow'): True}"
palindrome.bril,3,69,294,"{}","{('main', 'palindrome'): True, ('main', 'pow'): True, ('palindrome', 'pow'): True}"
totient.bril,1,42,253,"{('main', 'totient'): True}","{('main', 'totient'): True, ('totient', 'mod'): True}"
totient.bril,2,42,253,"{('main', 'totient'): True, ('totient', 'mod'): True}","{('main', 'totient'): True, ('totient', 'mod'): True}"
totient.bril,3,42,253,"{('main', 'totient'): True, ('totient', 'mod'): True}","{('main', 'totient'): True, ('totient', 'mod'): True}"
relative-primes.bril,1,75,1865,"{('main', 'relative_primes'): True, ('gcd', 'mod'): True}","{('main', 'relative_primes'): True, ('gcd', 'mod'): True}"
relative-primes.bril,2,75,1865,"{('main', 'relative_primes'): True, ('gcd', 'mod'): True, ('relative_primes', 'gcd'): True}","{('main', 'relative_primes'): True, ('gcd', 'mod'): True, ('relative_primes', 'gcd'): True}"
relative-primes.bril,3,75,1865,"{('main', 'relative_primes'): True, ('gcd', 'mod'): True, ('relative_primes', 'gcd'): True}","{('main', 'relative_primes'): True, ('gcd', 'mod'): True, ('relative_primes', 'gcd'): True}"
hanoi.bril,1,15,97,"{}","{('main', 'hanoi'): True}"
hanoi.bril,2,15,97,"{}","{('main', 'hanoi'): True}"
hanoi.bril,3,15,97,"{}","{('main', 'hanoi'): True}"
is-decreasing.bril,1,34,119,"{('is_decreasing', 'last_digit'): True}","{('main', 'is_decreasing'): True, ('is_decreasing', 'last_digit'): True}"
is-decreasing.bril,2,34,119,"{('is_decreasing', 'last_digit'): True}","{('main', 'is_decreasing'): True, ('is_decreasing', 'last_digit'): True}"
is-decreasing.bril,3,34,119,"{('is_decreasing', 'last_digit'): True}","{('main', 'is_decreasing'): True, ('is_decreasing', 'last_digit'): True}"
check-primes.bril,1,69,8419,"{}","{('main', 'checkPrime'): True}"
check-primes.bril,2,69,8419,"{}","{('main', 'checkPrime'): True}"
check-primes.bril,3,69,8419,"{}","{('main', 'checkPrime'): True}"
sum-sq-diff.bril,1,62,3034,"{('main', 'sumOfSquares'): True, ('main', 'squareOfSum'): True}","{('main', 'sumOfSquares'): True, ('main', 'squareOfSum'): True}"
sum-sq-diff.bril,2,62,3034,"{('main', 'sumOfSquares'): True, ('main', 'squareOfSum'): True}","{('main', 'sumOfSquares'): True, ('main', 'squareOfSum'): True}"
sum-sq-diff.bril,3,62,3034,"{('main', 'sumOfSquares'): True, ('main', 'squareOfSum'): True}","{('main', 'sumOfSquares'): True, ('main', 'squareOfSum'): True}"
fitsinside.bril,1,9,9,"{('main', 'fitsInside'): True}","{('main', 'fitsInside'): True}"
fitsinside.bril,2,9,9,"{('main', 'fitsInside'): True}","{('main', 'fitsInside'): True}"
fitsinside.bril,3,9,9,"{('main', 'fitsInside'): True}","{('main', 'fitsInside'): True}"
fact.bril,1,17,228,"{}","{('main', 'fact'): True}"
fact.bril,2,17,228,"{}","{('main', 'fact'): True}"
fact.bril,3,17,228,"{}","{('main', 'fact'): True}"
loopfact.bril,1,23,115,"{}","{}"
loopfact.bril,2,23,115,"{}","{}"
loopfact.bril,3,23,115,"{}","{}"
recfact.bril,1,24,103,"{}","{('main', 'fac'): True}"
recfact.bril,2,24,103,"{}","{('main', 'fac'): True}"
recfact.bril,3,24,103,"{}","{('main', 'fac'): True}"
factors.bril,1,20,72,"{}","{}"
factors.bril,2,20,72,"{}","{}"
factors.bril,3,20,72,"{}","{}"
perfect.bril,1,30,232,"{}","{}"
perfect.bril,2,30,232,"{}","{}"
perfect.bril,3,30,232,"{}","{}"
bitshift.bril,1,64,157,"{('main', 'LEFTSHIFT'): True, ('pow', 'mod'): True, ('main', 'RIGHTSHIFT'): True}","{('main', 'LEFTSHIFT'): True, ('RIGHTSHIFT', 'pow'): True, ('pow', 'mod'): True, ('LEFTSHIFT', 'pow'): True, ('main', 'RIGHTSHIFT'): True}"
bitshift.bril,2,64,157,"{('main', 'LEFTSHIFT'): True, ('pow', 'mod'): True, ('main', 'RIGHTSHIFT'): True}","{('main', 'LEFTSHIFT'): True, ('RIGHTSHIFT', 'pow'): True, ('pow', 'mod'): True, ('LEFTSHIFT', 'pow'): True, ('main', 'RIGHTSHIFT'): True}"
bitshift.bril,3,64,157,"{('main', 'LEFTSHIFT'): True, ('pow', 'mod'): True, ('main', 'RIGHTSHIFT'): True}","{('main', 'LEFTSHIFT'): True, ('RIGHTSHIFT', 'pow'): True, ('pow', 'mod'): True, ('LEFTSHIFT', 'pow'): True, ('main', 'RIGHTSHIFT'): True}"
digital-root.bril,1,31,221,"{('main', 'is_single_digit'): True}","{('main', 'is_single_digit'): True, ('main', 'peel_last_digit'): True}"
digital-root.bril,2,31,221,"{('main', 'is_single_digit'): True}","{('main', 'is_single_digit'): True, ('main', 'peel_last_digit'): True}"
digital-root.bril,3,31,221,"{('main', 'is_single_digit'): True}","{('main', 'is_single_digit'): True, ('main', 'peel_last_digit'): True}"
up-arrow.bril,1,22,251,"{}","{('main', 'up_arrow'): True}"
up-arrow.bril,2,22,251,"{}","{('main', 'up_arrow'): True}"
up-arrow.bril,3,22,251,"{}","{('main', 'up_arrow'): True}"
sum-divisors.bril,1,33,149,"{('main', 'mod'): True}","{('main', 'mod'): True}"
sum-divisors.bril,2,33,149,"{('main', 'mod'): True}","{('main', 'mod'): True}"
sum-divisors.bril,3,33,149,"{('main', 'mod'): True}","{('main', 'mod'): True}"
ackermann.bril,1,22,1464231,"{}","{('main', 'ack'): True}"
ackermann.bril,2,22,1464231,"{}","{('main', 'ack'): True}"
ackermann.bril,3,22,1464231,"{}","{('main', 'ack'): True}"
pythagorean_triple.bril,1,22,61518,"{}","{}"
pythagorean_triple.bril,2,22,61518,"{}","{}"
pythagorean_triple.bril,3,22,61518,"{}","{}"
euclid.bril,1,42,554,"{('main', 'gcd'): True, ('gcd', 'mod'): True}","{('main', 'gcd'): True, ('gcd', 'mod'): True}"
euclid.bril,2,42,554,"{('main', 'gcd'): True, ('gcd', 'mod'): True}","{('main', 'gcd'): True, ('gcd', 'mod'): True}"
euclid.bril,3,42,554,"{('main', 'gcd'): True, ('gcd', 'mod'): True}","{('main', 'gcd'): True, ('gcd', 'mod'): True}"
binary-fmt.bril,1,14,91,"{('printBinary', 'mod'): True}","{('main', 'printBinary'): True, ('printBinary', 'mod'): True}"
binary-fmt.bril,2,14,91,"{('printBinary', 'mod'): True}","{('main', 'printBinary'): True, ('printBinary', 'mod'): True}"
binary-fmt.bril,3,14,91,"{('printBinary', 'mod'): True}","{('main', 'printBinary'): True, ('printBinary', 'mod'): True}"
lcm.bril,1,28,0,"{}","{('main', 'getMod'): True}"
lcm.bril,2,28,0,"{}","{('main', 'getMod'): True}"
lcm.bril,3,28,0,"{}","{('main', 'getMod'): True}"
gcd.bril,1,25,46,"{}","{}"
gcd.bril,2,25,46,"{}","{}"
gcd.bril,3,25,46,"{}","{}"
catalan.bril,1,25,659378,"{}","{}"
catalan.bril,2,25,659378,"{}","{}"
catalan.bril,3,25,659378,"{}","{}"
armstrong.bril,1,44,127,"{('main', 'power'): True, ('main', 'mod'): True}","{('main', 'power'): True, ('main', 'mod'): True, ('main', 'getDigits'): True}"
armstrong.bril,2,44,127,"{('main', 'power'): True, ('main', 'mod'): True}","{('main', 'power'): True, ('main', 'mod'): True, ('main', 'getDigits'): True}"
armstrong.bril,3,44,127,"{('main', 'power'): True, ('main', 'mod'): True}","{('main', 'power'): True, ('main', 'mod'): True, ('main', 'getDigits'): True}"
pascals-row.bril,1,33,134,"{('main', 'generateNthRow'): True}","{('main', 'generateNthRow'): True}"
pascals-row.bril,2,33,134,"{('main', 'generateNthRow'): True}","{('main', 'generateNthRow'): True}"
pascals-row.bril,3,33,134,"{('main', 'generateNthRow'): True}","{('main', 'generateNthRow'): True}"
collatz.bril,1,23,169,"{}","{}"
collatz.bril,2,23,169,"{}","{}"
collatz.bril,3,23,169,"{}","{}"
sum-bits.bril,1,18,67,"{('main', 'mod'): True}","{('main', 'mod'): True}"
sum-bits.bril,2,18,67,"{('main', 'mod'): True}","{('main', 'mod'): True}"
sum-bits.bril,3,18,67,"{('main', 'mod'): True}","{('main', 'mod'): True}"
rectangles-area-difference.bril,1,13,12,"{}","{('main', 'area'): True}"
rectangles-area-difference.bril,2,13,12,"{}","{('main', 'area'): True}"
rectangles-area-difference.bril,3,13,12,"{}","{('main', 'area'): True}"
mod_inv.bril,1,55,533,"{}","{('main', 'mod'): True}"
mod_inv.bril,2,55,533,"{}","{('main', 'mod'): True}"
mod_inv.bril,3,55,533,"{}","{('main', 'mod'): True}"
reverse.bril,1,26,46,"{}","{}"
reverse.bril,2,26,46,"{}","{}"
reverse.bril,3,26,46,"{}","{}"
fizz-buzz.bril,1,59,3458,"{}","{}"
fizz-buzz.bril,2,59,3458,"{}","{}"
fizz-buzz.bril,3,59,3458,"{}","{}"
bitwise-ops.bril,1,62,1559,"{('main', 'XOR'): True}","{('main', 'XOR'): True, ('XOR', 'AND'): True, ('main', 'AND'): True, ('OR', 'loop_subroutine'): True, ('XOR', 'OR'): True, ('main', 'OR'): True, ('loop_subroutine', 'mod2'): True, ('AND', 'loop_subroutine'): True}"
bitwise-ops.bril,2,62,1559,"{('main', 'XOR'): True}","{('main', 'XOR'): True, ('XOR', 'AND'): True, ('main', 'AND'): True, ('OR', 'loop_subroutine'): True, ('XOR', 'OR'): True, ('main', 'OR'): True, ('loop_subroutine', 'mod2'): True, ('AND', 'loop_subroutine'): True}"
bitwise-ops.bril,3,62,1559,"{('main', 'XOR'): True}","{('main', 'XOR'): True, ('XOR', 'AND'): True, ('main', 'AND'): True, ('OR', 'loop_subroutine'): True, ('XOR', 'OR'): True, ('main', 'OR'): True, ('loop_subroutine', 'mod2'): True, ('AND', 'loop_subroutine'): True}"
cholesky.bril,1,273,3727,"{('main', 'cholesky'): True, ('main', 'transpose'): True, ('main', 'matmul'): True, ('main', 'zeros'): True, ('main', 'printarray'): True, ('cholesky', 'sqrt'): True}","{('main', 'cholesky'): True, ('main', 'fillarray'): True, ('main', 'transpose'): True, ('main', 'matmul'): True, ('main', 'zeros'): True, ('main', 'printarray'): True, ('cholesky', 'sqrt'): True}"
cholesky.bril,2,273,3727,"{('main', 'cholesky'): True, ('main', 'transpose'): True, ('main', 'matmul'): True, ('main', 'zeros'): True, ('main', 'printarray'): True, ('cholesky', 'sqrt'): True}","{('main', 'cholesky'): True, ('main', 'fillarray'): True, ('main', 'transpose'): True, ('main', 'matmul'): True, ('main', 'zeros'): True, ('main', 'printarray'): True, ('cholesky', 'sqrt'): True}"
cholesky.bril,3,273,3727,"{('main', 'cholesky'): True, ('main', 'transpose'): True, ('main', 'matmul'): True, ('main', 'zeros'): True, ('main', 'printarray'): True, ('cholesky', 'sqrt'): True}","{('main', 'cholesky'): True, ('main', 'fillarray'): True, ('main', 'transpose'): True, ('main', 'matmul'): True, ('main', 'zeros'): True, ('main', 'printarray'): True, ('cholesky', 'sqrt'): True}"
mat-inv.bril,1,121,973,"{('main', 'inverse'): True, ('main', 'printarray'): True}","{('determinant', 'matget'): True, ('main', 'inverse'): True, ('main', 'determinant'): True, ('inverse', 'matget'): True, ('inverse', 'determinant'): True, ('main', 'printarray'): True, ('determinant', 'mod'): True, ('inverse', 'mod'): True}"
mat-inv.bril,2,121,973,"{('main', 'inverse'): True, ('main', 'printarray'): True}","{('determinant', 'matget'): True, ('main', 'inverse'): True, ('main', 'determinant'): True, ('inverse', 'matget'): True, ('inverse', 'determinant'): True, ('main', 'printarray'): True, ('determinant', 'mod'): True, ('inverse', 'mod'): True}"
mat-inv.bril,3,121,973,"{('main', 'inverse'): True, ('main', 'printarray'): True}","{('determinant', 'matget'): True, ('main', 'inverse'): True, ('main', 'determinant'): True, ('inverse', 'matget'): True, ('inverse', 'determinant'): True, ('main', 'printarray'): True, ('determinant', 'mod'): True, ('inverse', 'mod'): True}"
dead-branch.bril,1,18,1096,"{}","{}"
dead-branch.bril,2,18,1096,"{}","{}"
dead-branch.bril,3,18,1096,"{}","{}"
function_call.bril,1,20,54208816,"{}","{}"
function_call.bril,2,20,54208816,"{}","{}"
function_call.bril,3,20,54208816,"{}","{}"
ray-sphere-intersection.bril,1,85,121,"{('main', 'RaySphereIntersection'): True}","{('main', 'RaySphereIntersection'): True, ('RaySphereIntersection', 'DotProduct'): True}"
ray-sphere-intersection.bril,2,85,121,"{('main', 'RaySphereIntersection'): True}","{('main', 'RaySphereIntersection'): True, ('RaySphereIntersection', 'DotProduct'): True}"
ray-sphere-intersection.bril,3,85,121,"{('main', 'RaySphereIntersection'): True}","{('main', 'RaySphereIntersection'): True, ('RaySphereIntersection', 'DotProduct'): True}"
conjugate-gradient.bril,1,205,1979,"{('main', 'get_sym'): True, ('cg', 'vec_sub_inp'): True, ('main', 'disp_vec'): True, ('cg', 'vec_add_inp'): True, ('main', 'cg'): True}","{('cg', 'vec_mul'): True, ('main', 'get_sym'): True, ('vec_sub', 'vec_add'): True, ('vec_sub_inp', 'vec_sub'): True, ('cg', 'vec_sub_inp'): True, ('cg', 'vec_copy'): True, ('cg', 'mat_vec'): True, ('cg', 'vec_add'): True, ('main', 'disp_vec'): True, ('vec_sub', 'vec_mul'): True, ('cg', 'dot_p'): True, ('cg', 'vec_add_inp'): True, ('cg', 'vec_sub'): True, ('vec_copy', 'vec_mul'): True, ('vec_add_inp', 'vec_add'): True, ('main', 'cg'): True}"
conjugate-gradient.bril,2,205,1979,"{('cg', 'vec_mul'): True, ('main', 'get_sym'): True, ('cg', 'vec_sub_inp'): True, ('cg', 'vec_copy'): True, ('cg', 'mat_vec'): True, ('cg', 'vec_add'): True, ('main', 'disp_vec'): True, ('cg', 'dot_p'): True, ('cg', 'vec_add_inp'): True, ('cg', 'vec_sub'): True, ('main', 'cg'): True}","{('cg', 'vec_mul'): True, ('main', 'get_sym'): True, ('vec_sub', 'vec_add'): True, ('vec_sub_inp', 'vec_sub'): True, ('cg', 'vec_sub_inp'): True, ('cg', 'vec_copy'): True, ('cg', 'mat_vec'): True, ('cg', 'vec_add'): True, ('main', 'disp_vec'): True, ('vec_sub', 'vec_mul'): True, ('cg', 'dot_p'): True, ('cg', 'vec_add_inp'): True, ('cg', 'vec_sub'): True, ('vec_copy', 'vec_mul'): True, ('vec_add_inp', 'vec_add'): True, ('main', 'cg'): True}"
conjugate-gradient.bril,3,205,1979,"{('cg', 'vec_mul'): True, ('main', 'get_sym'): True, ('cg', 'vec_sub_inp'): True, ('cg', 'vec_copy'): True, ('cg', 'mat_vec'): True, ('cg', 'vec_add'): True, ('main', 'disp_vec'): True, ('cg', 'dot_p'): True, ('cg', 'vec_add_inp'): True, ('cg', 'vec_sub'): True, ('main', 'cg'): True}","{('cg', 'vec_mul'): True, ('main', 'get_sym'): True, ('vec_sub', 'vec_add'): True, ('vec_sub_inp', 'vec_sub'): True, ('cg', 'vec_sub_inp'): True, ('cg', 'vec_copy'): True, ('cg', 'mat_vec'): True, ('cg', 'vec_add'): True, ('main', 'disp_vec'): True, ('vec_sub', 'vec_mul'): True, ('cg', 'dot_p'): True, ('cg', 'vec_add_inp'): True, ('cg', 'vec_sub'): True, ('vec_copy', 'vec_mul'): True, ('vec_add_inp', 'vec_add'): True, ('main', 'cg'): True}"
leibniz.bril,1,29,12499997,"{}","{}"
leibniz.bril,2,29,12499997,"{}","{}"
leibniz.bril,3,29,12499997,"{}","{}"
n_root.bril,1,33,711,"{('n_root', 'pow'): True, ('main', 'n_root'): True}","{('n_root', 'pow'): True, ('main', 'n_root'): True}"
n_root.bril,2,33,711,"{('n_root', 'pow'): True, ('main', 'n_root'): True}","{('n_root', 'pow'): True, ('main', 'n_root'): True}"
n_root.bril,3,33,711,"{('n_root', 'pow'): True, ('main', 'n_root'): True}","{('n_root', 'pow'): True, ('main', 'n_root'): True}"
newton.bril,1,29,205,"{('main', 'sqrt'): True}","{('main', 'sqrt'): True, ('main', 'diff'): True}"
newton.bril,2,29,205,"{('main', 'sqrt'): True}","{('main', 'sqrt'): True, ('main', 'diff'): True}"
newton.bril,3,29,205,"{('main', 'sqrt'): True}","{('main', 'sqrt'): True, ('main', 'diff'): True}"
euler.bril,1,43,1904,"{('main', 'taylor_series_euler'): True}","{('main', 'taylor_series_euler'): True, ('taylor_series_euler', 'factorial'): True}"
euler.bril,2,43,1904,"{('main', 'taylor_series_euler'): True, ('taylor_series_euler', 'factorial'): True}","{('main', 'taylor_series_euler'): True, ('taylor_series_euler', 'factorial'): True}"
euler.bril,3,43,1904,"{('main', 'taylor_series_euler'): True, ('taylor_series_euler', 'factorial'): True}","{('main', 'taylor_series_euler'): True, ('taylor_series_euler', 'factorial'): True}"
riemann.bril,1,70,295,"{('main', 'left_riemann'): True, ('main', 'right_riemann'): True, ('main', 'midpoint_riemann'): True}","{('right_riemann', 'square_function'): True, ('midpoint_riemann', 'square_function'): True, ('main', 'left_riemann'): True, ('left_riemann', 'square_function'): True, ('main', 'right_riemann'): True, ('main', 'midpoint_riemann'): True}"
riemann.bril,2,70,295,"{('right_riemann', 'square_function'): True, ('midpoint_riemann', 'square_function'): True, ('main', 'left_riemann'): True, ('left_riemann', 'square_function'): True, ('main', 'right_riemann'): True, ('main', 'midpoint_riemann'): True}","{('right_riemann', 'square_function'): True, ('midpoint_riemann', 'square_function'): True, ('main', 'left_riemann'): True, ('left_riemann', 'square_function'): True, ('main', 'right_riemann'): True, ('main', 'midpoint_riemann'): True}"
riemann.bril,3,70,295,"{('right_riemann', 'square_function'): True, ('midpoint_riemann', 'square_function'): True, ('main', 'left_riemann'): True, ('left_riemann', 'square_function'): True, ('main', 'right_riemann'): True, ('main', 'midpoint_riemann'): True}","{('right_riemann', 'square_function'): True, ('midpoint_riemann', 'square_function'): True, ('main', 'left_riemann'): True, ('left_riemann', 'square_function'): True, ('main', 'right_riemann'): True, ('main', 'midpoint_riemann'): True}"
mandelbrot.bril,1,151,2707810,"{}","{('main', 'pow10'): True, ('main', 'f'): True}"
mandelbrot.bril,2,151,2707810,"{}","{('main', 'pow10'): True, ('main', 'f'): True}"
mandelbrot.bril,3,151,2707810,"{}","{('main', 'pow10'): True, ('main', 'f'): True}"
norm.bril,1,73,481,"{('n_root', 'pow'): True, ('main', 'euclidean_norm'): True, ('euclidean_norm', 'n_root'): True, ('main', 'pack'): True}","{('n_root', 'pow'): True, ('main', 'euclidean_norm'): True, ('euclidean_norm', 'n_root'): True, ('main', 'pack'): True}"
norm.bril,2,73,481,"{('n_root', 'pow'): True, ('main', 'euclidean_norm'): True, ('euclidean_norm', 'n_root'): True, ('main', 'pack'): True}","{('n_root', 'pow'): True, ('main', 'euclidean_norm'): True, ('euclidean_norm', 'n_root'): True, ('main', 'pack'): True}"
norm.bril,3,73,481,"{('n_root', 'pow'): True, ('main', 'euclidean_norm'): True, ('euclidean_norm', 'n_root'): True, ('main', 'pack'): True}","{('n_root', 'pow'): True, ('main', 'euclidean_norm'): True, ('euclidean_norm', 'n_root'): True, ('main', 'pack'): True}"
cordic.bril,1,240,495,"{('main', 'cordic'): True}","{('main', 'cordic'): True}"
cordic.bril,2,240,495,"{('main', 'cordic'): True}","{('main', 'cordic'): True}"
cordic.bril,3,240,495,"{('main', 'cordic'): True}","{('main', 'cordic'): True}"
pow.bril,1,22,24,"{('main', 'pow'): True}","{('main', 'pow'): True}"
pow.bril,2,22,24,"{('main', 'pow'): True}","{('main', 'pow'): True}"
pow.bril,3,22,24,"{('main', 'pow'): True}","{('main', 'pow'): True}"
sqrt.bril,1,51,316,"{}","{}"
sqrt.bril,2,51,316,"{}","{}"
sqrt.bril,3,51,316,"{}","{}"
quickselect.bril,1,85,274,"{('main', 'pack'): True, ('quickselect', 'partition'): True}","{('main', 'pack'): True, ('quickselect', 'partition'): True, ('main', 'quickselect'): True}"
quickselect.bril,2,85,274,"{('main', 'pack'): True, ('quickselect', 'partition'): True}","{('main', 'pack'): True, ('quickselect', 'partition'): True, ('main', 'quickselect'): True}"
quickselect.bril,3,85,274,"{('main', 'pack'): True, ('quickselect', 'partition'): True}","{('main', 'pack'): True, ('quickselect', 'partition'): True, ('main', 'quickselect'): True}"
sieve.bril,1,69,3398,"{('printPrimesUpTo', 'printUnmarked'): True, ('printPrimesUpTo', 'populateTable'): True, ('main', 'printPrimesUpTo'): True, ('printPrimesUpTo', 'markMultiples'): True}","{('printPrimesUpTo', 'printUnmarked'): True, ('printPrimesUpTo', 'findNextP'): True, ('printPrimesUpTo', 'populateTable'): True, ('main', 'printPrimesUpTo'): True, ('printPrimesUpTo', 'markMultiples'): True}"
sieve.bril,2,69,3398,"{('printPrimesUpTo', 'printUnmarked'): True, ('printPrimesUpTo', 'populateTable'): True, ('main', 'printPrimesUpTo'): True, ('printPrimesUpTo', 'markMultiples'): True}","{('printPrimesUpTo', 'printUnmarked'): True, ('printPrimesUpTo', 'findNextP'): True, ('printPrimesUpTo', 'populateTable'): True, ('main', 'printPrimesUpTo'): True, ('printPrimesUpTo', 'markMultiples'): True}"
sieve.bril,3,69,3398,"{('printPrimesUpTo', 'printUnmarked'): True, ('printPrimesUpTo', 'populateTable'): True, ('main', 'printPrimesUpTo'): True, ('printPrimesUpTo', 'markMultiples'): True}","{('printPrimesUpTo', 'printUnmarked'): True, ('printPrimesUpTo', 'findNextP'): True, ('printPrimesUpTo', 'populateTable'): True, ('main', 'printPrimesUpTo'): True, ('printPrimesUpTo', 'markMultiples'): True}"
bubblesort.bril,1,67,230,"{('main', 'pack'): True, ('main', 'swap_cond'): True, ('main', 'print_array'): True}","{('main', 'pack'): True, ('main', 'swap_cond'): True, ('main', 'print_array'): True}"
bubblesort.bril,2,67,230,"{('main', 'pack'): True, ('main', 'swap_cond'): True, ('main', 'print_array'): True}","{('main', 'pack'): True, ('main', 'swap_cond'): True, ('main', 'print_array'): True}"
bubblesort.bril,3,67,230,"{('main', 'pack'): True, ('main', 'swap_cond'): True, ('main', 'print_array'): True}","{('main', 'pack'): True, ('main', 'swap_cond'): True, ('main', 'print_array'): True}"
primitive-root.bril,1,139,9847,"{('main', 'phi'): True, ('prime_factors', 'prepend'): True}","{('search_primitive', 'check_ord'): True, ('main', 'phi'): True, ('prime_factors', 'prime_factor'): True, ('modexp', 'rem'): True, ('main', 'search_primitive'): True, ('prime_factor', 'divides'): True, ('prime_factors', 'divides'): True, ('prime_factors', 'prepend'): True}"
primitive-root.bril,2,139,9847,"{('main', 'phi'): True, ('prime_factors', 'prepend'): True}","{('search_primitive', 'check_ord'): True, ('main', 'phi'): True, ('prime_factors', 'prime_factor'): True, ('modexp', 'rem'): True, ('main', 'search_primitive'): True, ('prime_factor', 'divides'): True, ('prime_factors', 'divides'): True, ('prime_factors', 'prepend'): True}"
primitive-root.bril,3,139,9847,"{('main', 'phi'): True, ('prime_factors', 'prepend'): True}","{('search_primitive', 'check_ord'): True, ('main', 'phi'): True, ('prime_factors', 'prime_factor'): True, ('modexp', 'rem'): True, ('main', 'search_primitive'): True, ('prime_factor', 'divides'): True, ('prime_factors', 'divides'): True, ('prime_factors', 'prepend'): True}"
adler32.bril,1,64,6787,"{('main', 'adler32'): True, ('main', 'fill_array'): True}","{('bitwise_or', 'mod'): True, ('main', 'adler32'): True, ('main', 'fill_array'): True, ('adler32', 'mod'): True}"
adler32.bril,2,64,6787,"{('main', 'adler32'): True, ('main', 'fill_array'): True, ('adler32', 'bitwise_or'): True, ('adler32', 'mod'): True}","{('bitwise_or', 'mod'): True, ('main', 'adler32'): True, ('main', 'fill_array'): True, ('adler32', 'bitwise_or'): True, ('adler32', 'mod'): True}"
adler32.bril,3,64,6787,"{('main', 'adler32'): True, ('main', 'fill_array'): True, ('adler32', 'bitwise_or'): True, ('adler32', 'mod'): True}","{('bitwise_or', 'mod'): True, ('main', 'adler32'): True, ('main', 'fill_array'): True, ('adler32', 'bitwise_or'): True, ('adler32', 'mod'): True}"
adj2csr.bril,1,112,55595,"{('main', 'randarray'): True, ('randarray', 'rand'): True, ('main', 'adj2csr'): True}","{('main', 'randarray'): True, ('main', 'printarray'): True, ('randarray', 'rand'): True, ('main', 'adj2csr'): True, ('main', 'zeroarray'): True}"
adj2csr.bril,2,112,55595,"{('main', 'randarray'): True, ('randarray', 'rand'): True, ('main', 'adj2csr'): True}","{('main', 'randarray'): True, ('main', 'printarray'): True, ('randarray', 'rand'): True, ('main', 'adj2csr'): True, ('main', 'zeroarray'): True}"
adj2csr.bril,3,112,55595,"{('main', 'randarray'): True, ('randarray', 'rand'): True, ('main', 'adj2csr'): True}","{('main', 'randarray'): True, ('main', 'printarray'): True, ('randarray', 'rand'): True, ('main', 'adj2csr'): True, ('main', 'zeroarray'): True}"
csrmv.bril,1,187,119736,"{('main', 'gen_uniform_csr'): True, ('main', 'csr_spmv'): True, ('main', 'gen_vec'): True}","{('rand', 'xor'): True, ('main', 'gen_uniform_csr'): True, ('main', 'csr_spmv'): True, ('main', 'print_arr'): True, ('gen_vec', 'mod'): True, ('main', 'gen_vec'): True, ('rand', 'getbit'): True, ('gen_uniform_csr', 'mod'): True, ('gen_vec', 'rand'): True, ('gen_uniform_csr', 'rand'): True}"
csrmv.bril,2,187,119736,"{('main', 'gen_uniform_csr'): True, ('main', 'csr_spmv'): True, ('main', 'gen_vec'): True}","{('rand', 'xor'): True, ('main', 'gen_uniform_csr'): True, ('main', 'csr_spmv'): True, ('main', 'print_arr'): True, ('gen_vec', 'mod'): True, ('main', 'gen_vec'): True, ('rand', 'getbit'): True, ('gen_uniform_csr', 'mod'): True, ('gen_vec', 'rand'): True, ('gen_uniform_csr', 'rand'): True}"
csrmv.bril,3,187,119736,"{('main', 'gen_uniform_csr'): True, ('main', 'csr_spmv'): True, ('main', 'gen_vec'): True}","{('rand', 'xor'): True, ('main', 'gen_uniform_csr'): True, ('main', 'csr_spmv'): True, ('main', 'print_arr'): True, ('gen_vec', 'mod'): True, ('main', 'gen_vec'): True, ('rand', 'getbit'): True, ('gen_uniform_csr', 'mod'): True, ('gen_vec', 'rand'): True, ('gen_uniform_csr', 'rand'): True}"
dot-product.bril,1,53,87,"{('main', 'dot_product'): True}","{('main', 'dot_product'): True}"
dot-product.bril,2,53,87,"{('main', 'dot_product'): True}","{('main', 'dot_product'): True}"
dot-product.bril,3,53,87,"{('main', 'dot_product'): True}","{('main', 'dot_product'): True}"
major-elm.bril,1,50,46,"{('main', 'create_arr'): True}","{('main', 'create_arr'): True}"
major-elm.bril,2,50,46,"{('main', 'create_arr'): True}","{('main', 'create_arr'): True}"
major-elm.bril,3,50,46,"{('main', 'create_arr'): True}","{('main', 'create_arr'): True}"
max-subarray.bril,1,58,192,"{('main', 'pack'): True}","{('main', 'pack'): True, ('main', 'max'): True}"
max-subarray.bril,2,58,192,"{('main', 'pack'): True}","{('main', 'pack'): True, ('main', 'max'): True}"
max-subarray.bril,3,58,192,"{('main', 'pack'): True}","{('main', 'pack'): True, ('main', 'max'): True}"
mat-mul.bril,1,101,1982896,"{('randarray', 'rand'): True, ('main', 'matmul'): True}","{('main', 'printarray'): True, ('main', 'randarray'): True, ('randarray', 'rand'): True, ('main', 'matmul'): True}"
mat-mul.bril,2,101,1982896,"{('randarray', 'rand'): True, ('main', 'matmul'): True}","{('main', 'printarray'): True, ('main', 'randarray'): True, ('randarray', 'rand'): True, ('main', 'matmul'): True}"
mat-mul.bril,3,101,1982896,"{('randarray', 'rand'): True, ('main', 'matmul'): True}","{('main', 'printarray'): True, ('main', 'randarray'): True, ('randarray', 'rand'): True, ('main', 'matmul'): True}"
fib.bril,1,30,120,"{}","{}"
fib.bril,2,30,120,"{}","{}"
fib.bril,3,30,120,"{}","{}"
vsmul.bril,1,44,81939,"{('main', 'randarray'): True, ('randarray', 'rand'): True}","{('main', 'randarray'): True, ('randarray', 'rand'): True}"
vsmul.bril,2,44,81939,"{('main', 'randarray'): True, ('randarray', 'rand'): True}","{('main', 'randarray'): True, ('randarray', 'rand'): True}"
vsmul.bril,3,44,81939,"{('main', 'randarray'): True, ('randarray', 'rand'): True}","{('main', 'randarray'): True, ('randarray', 'rand'): True}"
quicksort-hoare.bril,1,130,27233,"{('qsort', 'partition'): True, ('partition', 'median_of_three'): True, ('main', 'randarray'): True, ('randarray', 'rand'): True}","{('qsort', 'partition'): True, ('main', 'qsort'): True, ('main', 'randarray'): True, ('randarray', 'rand'): True, ('partition', 'swap'): True, ('main', 'is_nondecreasing'): True, ('median_of_three', 'swap'): True}"
quicksort-hoare.bril,2,130,27233,"{('qsort', 'partition'): True, ('partition', 'median_of_three'): True, ('main', 'randarray'): True, ('randarray', 'rand'): True}","{('qsort', 'partition'): True, ('main', 'qsort'): True, ('partition', 'median_of_three'): True, ('main', 'randarray'): True, ('randarray', 'rand'): True, ('partition', 'swap'): True, ('main', 'is_nondecreasing'): True, ('median_of_three', 'swap'): True}"
quicksort-hoare.bril,3,130,27233,"{('qsort', 'partition'): True, ('partition', 'median_of_three'): True, ('main', 'randarray'): True, ('randarray', 'rand'): True}","{('qsort', 'partition'): True, ('main', 'qsort'): True, ('partition', 'median_of_three'): True, ('main', 'randarray'): True, ('randarray', 'rand'): True, ('partition', 'swap'): True, ('main', 'is_nondecreasing'): True, ('median_of_three', 'swap'): True}"
quicksort.bril,1,80,253,"{('main', 'pack'): True, ('qsort', 'partition'): True, ('main', 'print_array'): True}","{('main', 'pack'): True, ('qsort', 'partition'): True, ('main', 'qsort'): True, ('main', 'print_array'): True}"
quicksort.bril,2,80,253,"{('main', 'pack'): True, ('qsort', 'partition'): True, ('main', 'print_array'): True}","{('main', 'pack'): True, ('qsort', 'partition'): True, ('main', 'qsort'): True, ('main', 'print_array'): True}"
quicksort.bril,3,80,253,"{('main', 'pack'): True, ('qsort', 'partition'): True, ('main', 'print_array'): True}","{('main', 'pack'): True, ('qsort', 'partition'): True, ('main', 'qsort'): True, ('main', 'print_array'): True}"
two-sum.bril,1,108,86,"{('main', 'initArr'): True}","{('main', 'twoSum'): True, ('main', 'initArr'): True}"
two-sum.bril,2,108,86,"{('main', 'initArr'): True}","{('main', 'twoSum'): True, ('main', 'initArr'): True}"
two-sum.bril,3,108,86,"{('main', 'initArr'): True}","{('main', 'twoSum'): True, ('main', 'initArr'): True}"
eight-queens.bril,1,62,928278,"{}","{('queen', 'valid'): True, ('main', 'queen'): True}"
eight-queens.bril,2,62,928278,"{}","{('queen', 'valid'): True, ('main', 'queen'): True}"
eight-queens.bril,3,62,928278,"{}","{('queen', 'valid'): True, ('main', 'queen'): True}"
binary-search.bril,1,58,66,"{('main', 'pack'): True}","{('main', 'pack'): True, ('main', 'binary_search'): True}"
binary-search.bril,2,58,66,"{('main', 'pack'): True}","{('main', 'pack'): True, ('main', 'binary_search'): True}"
binary-search.bril,3,58,66,"{('main', 'pack'): True}","{('main', 'pack'): True, ('main', 'binary_search'): True}"
